3696,-23.1803 219.049 14.125,1,stand
3697,69.5056 207.793 4.93497,0 2 211 294,stand
3698,210.899 77.0735 8.68897,1 3 211 203 212 226,stand
3699,-92.3715 -36.5525 17.327,2 4 216,stand
3700,-336.649 -315.72 112.731,3 5 216 218 234,stand
3701,-483.098 -543.047 162.18,4 6 215,stand
3702,-613.728 -793.634 172.128,5 7 215,stand
3703,-651.897 -1195.3 196.478,6 8 19 219,stand
3704,-521.626 -1575.33 211.232,7 9,stand
3705,-382.189 -2099.27 300.628,8 10,stand
3706,-650.511 -2642.96 340.121,9 11,stand
3707,-1090.35 -2921.39 375.285,10 12,stand
3708,-1364.67 -2932.45 385.734,11 13,stand
3709,-1387.73 -2538.48 424.296,12 14,stand
3710,-1257.28 -2358.99 426.812,13 15,stand
3711,-1268.8 -2036.35 392.412,14 16,stand
3712,-1349.29 -1703.32 353.294,15 17,stand
3713,-1485.45 -1406.1 351.918,16 18,stand
3714,-1401.23 -1171.52 308.007,17 19,stand
3715,-1248.67 -943.132 264.125,18 7 20,stand
3716,-1267.29 -508.233 218.089,19 21 215 273,stand
3717,-1257.1 -210.05 179.95,20 22 217 218 273,stand
3718,-1276.49 211.398 149.85,21 23 217 272,stand
3719,-1141.51 514.684 80.7445,22 24 217 271,stand
3720,-1074.93 703.292 56.125,23 25,stand
3721,-1242.77 706.536 3.49997,24 26 274,stand
3722,-1097.25 853.766 0.96185,25 27 275,stand
3723,-1086.86 1297.87 0.97638,26 28 29,stand
3724,-1521.86 1210.26 6.58685,27 30 274,stand
3725,-1021.48 1675.02 -2.07729,27 30 32 123,stand
3726,-1493.96 1740.56 -1.24134,28 29 31,stand
3727,-1471.54 2156.69 0.330934,30 32 36,stand
3728,-1050.08 2192.24 0.122637,31 29 33 37 38,stand
3729,-783.664 2175.21 -1.89805,32 34 37 124,stand
3730,-705.796 2457.61 11.0246,33 35 38,stand
3731,-667.374 2750.98 0.125001,34 38 40 41 134 137 136,stand
3732,-1459.71 2373.2 0.150881,31 37,stand
3733,-1119.94 2351.76 0.124998,36 32 33 38,stand
3734,-937.928 2353.12 0.125001,37 32 34 35 39,stand
3735,-966.183 3039.53 0.124997,38 40 276,stand
3736,-745.277 2896.91 0.124997,39 35 276,stand
3737,-498.709 2921.86 -5.875,35 42 134 137 136 290,stand
3738,-396.391 3339.04 0.125001,41 43 137 144 277,stand
3739,-267.937 3699.43 0.124999,42 44 144 150 278,stand
3740,31.7192 3735.36 1.17543,43 45 143 148,stand
3741,204.287 3698.88 0.225977,44 46 143,stand
3742,562.382 3713.35 0.126234,45 47 142 145,stand
3743,1069.22 3722.81 -3.17296,46 48 93 146,stand
3744,1240.19 3749.27 -2.2727,47 49 50 54,stand
3745,1254.83 3380.86 -28.8385,48 85 53,stand
3746,1267.73 3981.05 -2.38599,48 51,stand
3747,1492.37 3994.56 -0.542932,50 52 54,stand
3748,1698.29 3778.07 -28.2318,51 53 54,stand
3749,1850.44 3568.19 -50.5617,52 54 56 59 49,stand
3750,1495.61 3568.27 -37.656,48 55 52 51 53 56,stand
3751,1323.31 3096.09 -55.5527,54 84 85 92,stand
3752,1667.81 3359.84 -35.2619,53 54 57 92,stand
3753,1854.11 3222.48 -58.0239,56 58 60 91 283,stand
3754,2225.54 3538.37 -39.875,57 59 60,stand
3755,2143.16 3647.51 -39.8968,58 53,stand
3756,2127.86 3136.92 -48.0089,58 57 282,stand
3757,1826.98 2659.44 -61.522,62 90 91 282 283,stand
3758,1831.53 2376.81 0.125,61 63,stand
3759,1916.77 1872.42 0.125,62 285,stand
3760,1830.86 1459.62 0.125,65 285,stand
3761,1859.92 1243.03 0.125,64 66 67,stand
3762,1644.76 1254.91 -56.2044,65 88 89,stand
3763,1870.71 887.339 0.125,65 68 264 286,stand
3764,1764.51 735.477 8.125,67 69 70 72,stand
3765,1466.07 711.176 8.125,68 71 73,stand
3766,1900.12 625.111 8.125,68 71,stand
3767,1646.2 525.542 8.125,70 69 72,stand
3768,1429.29 544.562 8.125,71 68 73,stand
3769,1345.18 661.208 8.125,72 69 74,stand
3770,1264.81 621.263 0.125,73 75 76 264 287,stand
3771,1160.87 600.664 4.125,74 188 189,stand
3772,1267.96 1048.45 0.125,74 77 78 264,stand
3773,1407.75 1379.28 -45.5401,76 87 88,stand
3774,1240.09 1400.62 0.124999,76 79,stand
3775,1245.15 1730.79 0.124999,78 80,stand
3776,1241.15 1885.38 0.124999,79 81 82,stand
3777,1090.17 1838.37 0.124999,80 178 185,stand
3778,1241.31 2308.32 0.124999,80 83 170,stand
3779,1226.71 2676.53 -63.875,82 84,stand
3780,1344.26 2759.47 -65.101,83 55 86 91 92,stand
3781,1244.95 3169.97 -45.3679,55 49,stand
3782,1383.07 2209.52 -52.7374,84 87,stand
3783,1386.44 1766.57 -48.1103,86 77 89,stand
3784,1484.23 1101.35 -41.875,66 77,stand
3785,1658.73 1803.48 -58.1266,87 66 90,stand
3786,1673.38 2539.77 -64.8586,89 61 91,stand
3787,1661.22 2886.56 -58.8379,90 84 92 57 61,stand
3788,1420.48 2941.55 -48.9608,91 55 84 56,stand
3789,1052.45 3462.73 0.125,47 281,stand
3790,738.392 3273.25 48.125,95 167,stand
3791,889.844 3289.65 48.125,96 166 94 281,stand
3792,1127.27 3283.95 -71.875,95 97,stand
3793,941.424 2975.39 -71.875,96 98,stand
3794,758.263 2925.16 -71.875,97 99,stand
3795,755.064 2565.22 -119.875,98 100,stand
3796,875.119 2551.03 -119.875,99 101,stand
3797,871.641 2197.51 -119.875,100 102,stand
3798,695.345 2106.06 -119.875,101 103,stand
3799,678.171 1714.02 -119.875,102 104,stand
3800,709.794 1247.16 -119.875,103 105,stand
3801,371.919 1239.59 -119.875,104 106 107,stand
3802,170.916 968.351 -119.875,107 105 107 108,stand
3803,386.817 902.8 -119.875,106 106 105 109,stand
3804,-498.294 964.338 -119.875,106 119,stand
3805,391.245 469.204 -119.875,107 110,stand
3806,402.82 273.756 -183.875,109 111,stand
3807,798.714 271.786 -183.875,110 112,stand
3808,1134.95 286.125 -87.875,111 113,stand
3809,1226.48 275.233 -87.875,112 114,stand
3810,1231.8 147.338 -87.875,113 115,stand
3811,1507.45 176.381 -31.875,114 116,stand
3812,1505.41 38.3082 48.125,115 117,stand
3813,1260.2 -12.9485 48.125,116 118,stand
3814,1256.46 -134.819 47.9973,117 214 225,stand
3815,-507.451 1291.4 -119.875,108 120,stand
3816,-494.973 1581.65 -1.875,119 121 129 125 238 239,stand
3817,-643.779 1671.22 10.5288,120 122 125,stand
3818,-748.109 1660.4 6.61128,121 123,stand
3819,-864.757 1671.16 3.3226,122 29 124,stand
3820,-786.426 2006.85 6.4444,123 33 125,stand
3821,-558.549 1982.71 -1.35053,124 121 126 120 129,stand
3822,-115.014 2037.54 -0.29073,125 127 128,stand
3823,-110.767 2296.12 -2.19316,126 133 136 135 292,stand
3824,-217.62 1900.43 13.8402,126 129,stand
3825,-180.137 1730.64 7.95498,128 120 130 125 238,stand
3826,-1.75881 1662.9 -1.875,129 131 181 195 238,stand
3827,237.441 1875.19 0.520228,130 132 176 180 201,stand
3828,140.974 2097.37 0.125,131 133 180,stand
3829,30.6259 2300.08 0.124997,132 127 135 176,stand
3830,-359.25 2417.7 -3.14403,35 41 136 292,stand
3831,122.549 2492.92 0.124998,133 136 127 151 175 176,stand
3832,-264.185 2543.22 -0.819303,135 134 127 41 35 290,stand
3833,-262.575 3046.51 -1.13334,41 35 138 42 290,stand
3834,4.89133 3140.34 -5.875,137 140 139,stand
3835,270.177 3024.03 0.124998,168 138,stand
3836,390.194 3293.27 0.125002,138 141,stand
3837,382.239 3412.58 3.62559,140 142 143,stand
3838,582.736 3477.24 7.44005,141 46 280,stand
3839,263.686 3457.58 5.23718,45 141 44 144,stand
3840,-199.036 3461.4 4.41833,143 43 42,stand
3841,424.335 3975.85 9.57246,46 146 147,stand
3842,1118.9 4016.87 0.125,145 47,stand
3843,266.251 3894.61 9.125,145 148,stand
3844,-14.8946 3860.49 9.3555,147 44 149,stand
3845,-75.0958 3978.4 12.3648,148 150,stand
3846,-262.647 3965.47 2.01924,149 43 279,stand
3847,92.9369 2644.58 8.125,135 152 155,stand
3848,-72.1275 2683.46 8.125,151 153,stand
3849,-41.8909 2884.51 8.125,152 154,stand
3850,231.792 2872.67 8.125,153 155,stand
3851,328.397 2728.65 8.125,154 151 156 157,stand
3852,491.179 2751.39 0.125001,155 162 168 289,stand
3853,353.497 2928.33 80.125,155 158,stand
3854,153.277 2917.35 160.125,157 159,stand
3855,-123.906 2915.96 160.125,158 160,stand
3856,-128.801 2617.14 160.125,159 161,stand
3857,368.875 2682.88 160.125,160,stand
3858,592.604 2686.09 0.124998,156 163 289,stand
3859,1095.85 2643.02 0.125001,162 164 169,stand
3860,1099.07 2806.87 48.125,163 165 263,stand
3861,1067.16 2976.24 48.125,164 166,stand
3862,899.671 3162.53 48.125,165 95 167,stand
3863,688.184 3017.37 48.125,166 94 168 263,stand
3864,575.317 3000.52 0.124999,167 139 156,stand
3865,1097.07 2452.87 0.124999,163 170 174,stand
3866,1116.91 2281.02 0.124999,169 82 171,stand
3867,1044.27 2102.05 0.124999,170 172,stand
3868,716.083 2121.94 0.124999,171 173,stand
3869,520.008 2234.72 0.124999,172 174 175 176 177 180,stand
3870,678.645 2409.86 0.125,173 169 177,stand
3871,373.899 2474.09 5.53571,173 135 177,stand
3872,331.113 2177.85 0.124999,173 131 133 135 177,stand
3873,514.994 2416.63 0.124999,174 175 173 176,stand
3874,875.624 1926.5 0.125001,81 179,stand
3875,633.362 1931.36 0.125001,178 180,stand
3876,412.218 1942.21 0.125001,179 173 131 132 181,stand
3877,399.944 1621.81 5.32798,180 182 130,stand
3878,586.259 1603.55 4.125,181 183 194 195,stand
3879,736.004 1688.63 4.125,182 184,stand
3880,856.155 1564.54 4.125,183 185 186 194,stand
3881,1051.93 1671.01 4.125,184 81,stand
3882,883.83 1156.75 4.125,184 187 190 265,stand
3883,873.401 822.199 4.125,186 188 190 191,stand
3884,1060.12 673.691 4.125,187 75 288,stand
3885,704.696 590.6 4.125,75 190 191,stand
3886,580.24 939.747 4.125,189 187 191 186 192 208,stand
3887,727.693 760.925 4.125,189 187 190,stand
3888,547.314 1073.34 4.125,190 193,stand
3889,458.802 1123.9 2.62618,192 194 196 208,stand
3890,626.464 1336.32 4.125,184 193 182,stand
3891,103.183 1514.54 -3.96759,130 196 182,stand
3892,107.542 1205.53 0.976982,195 197 193 201,stand
3893,-37.4043 1113.25 0.63407,196 237 238,stand
3894,458 804.785 0.209861,199 208 203,stand
3895,402.463 559.524 1.3802,198 200 203 202,stand
3896,490.356 412.644 3.20513,199 209 203 211,stand
3897,261.173 1062.19 -2.11687,196 202 208 131,stand
3898,312.156 872.359 0.952239,201 203 208 199,stand
3899,152.674 621.051 -5.30881,202 204 199 198 200 211 2 294,stand
3900,-119.023 571.866 -7.875,203 205,stand
3901,-458.953 584.168 -7.77398,204 206,stand
3902,-785.745 584.126 -7.875,205 207,stand
3903,-774.412 780.962 1.11152,206 235 239,stand
3904,434.413 970.416 3.74251,193 190 198 201 202,stand
3905,783.091 399.556 2.125,200 210,stand
3906,1056.96 405.403 1.39281,209 287,stand
3907,427.431 228.093 3.70375,200 2 1 203,stand
3908,522.839 7.73874 5.05254,2 213 226,stand
3909,913.887 34.9305 36.1296,212 214 267,stand
3910,1106.79 -126.35 33.1583,213 118 233,stand
3911,-871.358 -486.839 246.765,20 6 5,stand
3912,-498.512 66.4222 106.786,4 3 217,stand
3913,-944.401 277.639 106.797,216 21 23 22,stand
3914,-967.955 -220.19 246.529,21 4,stand
3915,-364.391 -1047.54 316.972,7 220,stand
3916,-45.1632 -933.534 337.511,219 221,stand
3917,156.388 -918.395 340.697,220 222,stand
3918,517.81 -883.064 331.25,221 223,stand
3919,969.331 -849.781 290.307,222 231,stand
3920,1587.69 -382.867 92.7933,225 232,stand
3921,1554.47 -181.737 78.6038,224 118 270,stand
3922,690.091 -359.567 0.124998,227 232 233 212 2 234,stand
3923,693.965 -546.939 58.125,226 228,stand
3924,825.527 -550.223 106.125,227 229,stand
3925,1032.32 -551.402 194.125,228 230,stand
3926,1035.94 -660.257 242.125,229 231,stand
3927,1042.2 -744.02 250.693,230 223 266,stand
3928,1240.33 -456.924 77.764,224 226 233,stand
3929,1026.23 -237.649 33.6605,232 214 226,stand
3930,52.1046 -263.217 16.7485,4 226,stand
3931,-491.865 785.749 3.59092,207 236,stand
3932,-176.785 799.853 21.627,235 237,stand
3933,-151.862 1095.21 9.13173,236 197 238,stand
3934,-192.346 1451.19 17.0113,120 237 197 129 130,stand
3935,-726.205 1408.34 8.47345,120 207 240,stand
3936,-806.209 1311.74 4.83952,239 241,stand
3937,-818.695 1563.42 110.125,240 242,stand
3938,-875.552 1548.07 108.125,241 243,stand
3939,-880.406 1362.98 206.125,242 244,stand
3940,-885.287 1267.13 208.125,243 245,stand
3941,-615.614 1276.95 208.125,244 246,stand
3942,-633.963 1034.54 208.125,245 247 248 252,stand
3943,-567.167 968.221 208.125,246 252 253 259,stand
3944,-743.76 1032.39 208.125,246 250 249,stand
3945,-859.884 1204.95 208.125,248,stand
3946,-809.058 828.047 208.125,248 251,stand
3947,-709.389 773.633 208.125,250 252,stand
3948,-599.524 764.42 208.125,251 247 246 261,stand
3949,-506.133 1015.99 208.125,247 254 259,stand
3950,-485.239 1160.02 208.125,253 255,stand
3951,-115.489 1104.02 208.125,254 256,stand
3952,-82.1073 963.251 208.125,255 260,stand
3953,-212.262 819.085 208.125,258 260,stand
3954,-339.503 792.349 208.125,257 259,stand
3955,-350.048 951.422 208.125,260 258 247 253,stand
3956,-250.513 950.85 208.125,257 256 259,stand
3957,-610.966 603.253 193.696,252 262,stand
3958,-181.783 645.915 207.126,261,stand
3959,763.202 2831.57 48.125,167 164,stand
3960,1301.95 858.177 0.124999,76 74 67,stand
3961,1085.21 1154.43 4.125,186,stand
3962,1676.56 -787.374 245.825,231,stand
3963,1010.02 228.4 63.9104,213 268,stand
3964,1371.78 282.963 65.9214,267 269,stand
3965,1607.6 310.457 78.1075,268 270,stand
3966,1625.85 -139.637 80.1843,269 225,stand
3967,-1585.25 623.786 127.235,23 272,stand
3968,-1536.52 204.904 199.533,271 22 273,stand
3969,-1499.12 -173.096 208.327,272 21 20,stand
3970,-1560.54 716.862 9.06931,28 25,stand
3971,-989.045 827.317 0.124997,26,stand
3972,-760.5 3125.96 0.0573286,40 39,stand
3973,-582.475 3393.89 0.125001,42 278,stand
3974,-556.119 3672.08 0.275943,277 43 279,stand
3975,-532.7 3963.27 0.128061,278 150,stand
3976,790.644 3380.9 0.124997,142,stand
3977,912.115 3470 0.125,93 95,stand
3978,2121.25 2544.13 -61.9397,60 61,stand
3979,1835.58 2845.77 -48.275,57 61,stand
3980,1999.75 1655.73 0.125,285,stand
3981,1853.4 1661.95 0.125,63 284 64,stand
3982,2056.91 849.59 0.125,67,stand
3983,1292.65 385.836 0.124998,74 210,stand
3984,1110.8 894.919 4.125,188,stand
3985,443.943 2640.44 1.45722,156 162,stand
3986,-244.005 2787.91 2.29889,136 137 41,stand
3987,-251.44 2183.17 -1.8204,292,stand
3988,-222.997 2326.21 -1.66195,291 127 134,stand
3989,-108.558 335.37 -5.56665,294,stand
3990,103.515 416.479 -3.12698,1 293 203,stand
3991,end,0,0
3992,-1.7 406.3 192,6 19 3 27,stand
3993,-686 278.79 202.6,3 2 28,stand
3994,-669 706.1 193,1 4,stand
3995,-442.2 384.5 194.2,1 4 0 16 27 28,stand
3996,-127.28 730.6 193.6,3 2 32,stand
3997,208.3 586.4 197.1,6 4 35,stand
3998,450.1 385.7 192,7 0 5 20 25,stand
3999,401.8 57.6 192,6 18 8 21,stand
4000,455.4 -314 193.2,7 17 9 21 22,stand
4001,175.7 -495.7 192.6,8 10 24 34,stand
4002,-190.9 -591.4 195.8,13 11 9,stand
4003,-556 -576.4 191,10 13 12,stand
4004,-704.1 -302.7 192.5,11 14,stand
4005,-342.8 -318 197.7,17 10 11 15,stand
4006,-600.6 -110.9 195.1,15 12 30,stand
4007,-476.7 -108.5 192,13 14 16,stand
4008,-453.6 68.1 192,3 18 15 28,stand
4009,-3.1 -299.5 192.7,18 8 13,stand
4010,2.67 73.4 192,19 7 17 16,stand
4011,1.2 186.5 193.4,0 18 31,stand
4012,689.9 268.9 192,6 26 29,stand
4013,518.984 -73.7115 192.077,7 8 33,stand
4014,666.767 -411.292 193.342,23 8 33,stand
4015,641.034 -594.69 193.007,24 22,stand
4016,314.922 -568.756 195.837,23 9,stand
4017,511.787 726.464 192.077,6 26 35,stand
4018,660.866 688.142 192.077,25 20,stand
4019,-185.714 460.091 192.077,0 3 32,stand
4020,-530.823 242.686 192.326,1 3 16,stand
4021,711.228 25.2176 201.125,20,stand
4022,-639.7 137.441 201.125,14,stand
4023,257.357 148.73 201.125,19,stand
4024,-156.114 617.657 194.681,4 27,stand
4025,656.389 -108.257 192.558,21 22,stand
4026,172.465 -598.946 193.226,9,stand
4027,252.991 749.713 197.697,5 25,stand
4028,end,0,0
4029,505.812 -424.956 16.125,1 85,stand
4030,537.303 -474.454 16.125,0 56 85,stand
4031,291.322 -1833.98 16.125,3 5,stand
4032,-39.6545 -1811.7 16.125,4 2 78 5,stand
4033,-195.803 -1842.09 16.125,3 78 111,stand
4034,115.975 -1711.53 16.125,2 6 78 79 3,stand
4035,270.51 -1502.5 16.125,5 7 79,stand
4036,523.467 -1317.58 16.125,6 8 80 79,stand
4037,664.768 -955.798 18.5377,7 9 81,stand
4038,990.06 -608.595 16.0857,8 10 81,stand
4039,993.031 -313.964 16.0698,9 11 12,stand
4040,734.615 -241.958 16.125,10 12 13 98 103,stand
4041,968.686 -111.77 16.125,11 10 102,stand
4042,670.691 151.523 16.125,11 14,stand
4043,616.155 160.129 48.125,13 15,stand
4044,546.602 158.084 0.124999,14 16 96 97,stand
4045,387.278 376.577 0.124999,15 17,stand
4046,-20.6483 442.87 16.125,16 18 94 95 99,stand
4047,-276.216 434.67 0.125,17 92,stand
4048,-746.266 385.411 88.125,20 92,stand
4049,-758.784 562.358 192.125,19 21,stand
4050,-663.918 567.227 192.125,20 64 65,stand
4051,-517.21 252.793 0.124999,23 91 92 94,stand
4052,-596.15 163.247 16.125,22 24 91 93,stand
4053,-712.372 173.44 16.125,25 23 88,stand
4054,-861.793 160.81 16.125,24 26 101,stand
4055,-954.657 415.26 16.125,25 27,stand
4056,-930.48 795.119 12.8512,26 28 29,stand
4057,-730.137 871.643 11.2345,27 31,stand
4058,-962.211 1196.61 5.24434,27 30,stand
4059,-567.276 1271.91 4.05508,29 31 32,stand
4060,-586.158 1045.79 7.32107,30 28,stand
4061,-338.954 1316.85 -2.03107,30 33 37 39,stand
4062,-281.942 1707.41 -1.875,32 34 37,stand
4063,-6.74152 1920.84 -1.875,33 35 38,stand
4064,323.083 1735.21 -3.87158,34 36 38 104,stand
4065,382.238 1504.54 0.815162,35 37 40 39 104,stand
4066,-26.8239 1469.4 18.1746,36 33 38 32 39,stand
4067,116.04 1701.08 -1.875,35 34 37,stand
4068,-8.94893 1299.2 8.125,32 37 40 100 36,stand
4069,455.403 1263.83 0.80736,39 36 41 42,stand
4070,597.815 952.998 0.125,40 42 45 114,stand
4071,695.654 1285.26 0.633609,40 41 43 105 106,stand
4072,1049.08 1175.52 0.125001,42 44 106,stand
4073,1051.53 832.954 0.125001,43 45 46,stand
4074,860.215 748.093 4.01932,44 41 46 107 114,stand
4075,1115.09 663.253 16.125,45 44 47,stand
4076,1119.5 467.566 184.125,46 48,stand
4077,1054.24 383.648 184.125,47 49,stand
4078,731.372 385.949 192.125,48 50 51,stand
4079,645.881 551.47 192.125,49 68,stand
4080,662.071 238.161 192.125,49 52,stand
4081,660.251 -104.482 192.125,51 54 53,stand
4082,735.331 -312.701 192.125,54 52 55,stand
4083,646.806 -331.588 192.125,52 53 57,stand
4084,759.845 -493.82 104.125,53 56,stand
4085,675.205 -486.376 104.125,55 1,stand
4086,626.279 -422.316 192.125,54 58,stand
4087,366.824 -424.195 192.125,59 57,stand
4088,-2.34399 -423.791 192.125,60 58,stand
4089,-323.755 -417.004 192.125,61 59,stand
4090,-702.528 -403.513 192.125,60 62,stand
4091,-738.813 -298.498 192.125,61 63 69,stand
4092,-670.498 1.26415 192.125,62 64,stand
4093,-668.283 381.161 192.125,63 21,stand
4094,-490.793 571.524 192.125,21 66,stand
4095,-301.784 566.147 192.125,65 67,stand
4096,14.7346 573.208 192.125,66 68,stand
4097,305.039 571.19 192.125,67 50,stand
4098,-865.677 -291.469 184.125,62 70,stand
4099,-1125.46 -321.898 184.125,69 71,stand
4100,-1106.26 -571.049 16.125,70 72 75 110,stand
4101,-659.469 -730.962 16.125,71 108 109 110,stand
4102,-646.755 -1255.77 16.125,74 76 109,stand
4103,-876.086 -1248.7 16.125,73 75,stand
4104,-965.944 -952.733 16.125,74 71,stand
4105,-353.091 -1333.87 16.125,73 77 79,stand
4106,-320.427 -1501.57 16.125,76 78,stand
4107,-145.803 -1646.58 16.125,77 4 3 5 79,stand
4108,-9.68692 -1389.69 17.0544,5 78 76 6 7 82,stand
4109,945.134 -1299.76 16.125,7 81,stand
4110,964.397 -912.064 16.2567,80 9 8,stand
4111,24.8224 -1003.39 16.0088,79 83,stand
4112,-34.5625 -682.197 16.0088,82 84,stand
4113,25.6259 -447.97 16.0088,83 85 86 89 90,stand
4114,318.792 -442.476 16.0088,84 0 1,stand
4115,-218.847 -438.109 16.0088,84 87,stand
4116,-693.322 -423.187 16.0088,86 88,stand
4117,-708.497 -72.4109 16.0088,87 24,stand
4118,-130.83 -223.262 0.125,84 90 91 93,stand
4119,129.025 -178.039 0.125,84 89 96 97 98 93,stand
4120,-496.043 -77.612 0.125,89 23 22 93,stand
4121,-534.335 388.236 7.64728,22 18 19 94,stand
4122,-199.832 96.0957 0.124999,89 91 94 90 95 23,stand
4123,-122.751 283.863 0.124999,93 17 92 22 95,stand
4124,104.783 261.223 0.125,17 96 93 94,stand
4125,186.481 28.8222 0.125,95 90 15 97,stand
4126,452.621 -79.9207 0.125,15 90 98 96,stand
4127,538.879 -249.726 0.125,97 11 90,stand
4128,-32.1886 797.337 16.125,17 100,stand
4129,24.8883 1097.62 16.125,99 39,stand
4130,-942.212 -139.769 16.125,25,stand
4131,961.552 255.482 15.3501,12,stand
4132,655.375 -317.287 16.125,11,stand
4133,431.222 1608.22 3.50296,35 36,stand
4134,962.756 1433.83 0.748573,42 106,stand
4135,897.747 1288.22 0.400695,105 42 43,stand
4136,749.668 687.343 11.8986,45 114,stand
4137,-500.519 -952.662 16.125,72 109,stand
4138,-634.56 -1027.6 16.125,73 108 72,stand
4139,-612.432 -586.304 16.125,72 71,stand
4140,-349.851 -1829.05 16.125,4,stand
4141,375.916 807.075 104.125,113,stand
4142,447.038 801.978 100.352,112 114,stand
4143,651.898 799.593 0.124998,113 41 107 45,stand
4144,end,0,0
4145,-50.5181 -2195.25 121.251,1 291,stand
4146,-10.9149 -1753.02 119.978,0 2 80 293,stand
4147,-21.3191 -1453.22 106.28,1 3 80 293 84,stand
4148,-627.798 -1467.87 122.458,2 4 12 13 14 295,stand
4149,-681.093 -1898.47 207.106,3 5 9 12 10 295 296,stand
4150,-709.404 -2340.53 208.125,4 6 6 296 321,stand
4151,-1036.62 -2337.7 212.125,5 7 9 8 5,stand
4152,-1396.76 -2296.75 208.125,6 8 9,stand
4153,-1423.12 -2068.89 209.233,7 9 6,stand
4154,-1058.4 -2104.48 208.125,8 6 7 4 10 296,stand
4155,-1056.49 -1949.48 212.125,9 11 4 296,stand
4156,-1051.19 -1699.61 212.125,10 12,stand
4157,-1043.23 -1502.37 108.404,11 4 3 14 13 29 295,stand
4158,-798.777 -1166.92 74.2097,3 14 12 70 71 30 322,stand
4159,-1161.34 -1254.03 63.4069,13 12 3 15 29 30 69 70,stand
4160,-1558.74 -1289.44 8.125,14 16 29 35,stand
4161,-1722.48 -1515.68 8.125,15 17 28,stand
4162,-1864.3 -1520.37 8.125,16 18 304,stand
4163,-1887.85 -1358.84 26.125,17 19,stand
4164,-2031.85 -1325.55 26.125,18 20 27 26,stand
4165,-2362.35 -1375.29 42.125,19 21,stand
4166,-2421.37 -951.542 26.125,20 27 301,stand
4167,-2134.54 -450.115 1.58645,23 36 37 297,stand
4168,-2111.93 -652.206 26.125,22 24 27,stand
4169,-1888.04 -658.752 26.125,23 25,stand
4170,-1849.55 -849.038 26.125,24 26 34,stand
4171,-1954.43 -1073.96 26.125,25 27 19,stand
4172,-2079.4 -978.951 26.125,26 21 23 19,stand
4173,-1474.6 -1536.48 10.0511,16 29,stand
4174,-1226.77 -1321.27 46.8153,28 14 15 12,stand
4175,-1184.02 -1058.29 46.0535,14 31 69 13,stand
4176,-1193.56 -655.874 12.125,30 32 68 69,stand
4177,-1240.69 -434.595 14.23,31 33 68 294,stand
4178,-1527.42 -449.811 11.2924,32 34 36 51,stand
4179,-1529 -837.312 7.125,33 25 35,stand
4180,-1600.57 -1059.58 7.125,34 15,stand
4181,-1856.18 -428.6 9.70328,33 22 51 37,stand
4182,-2054.01 -63.7261 15.5722,22 38 47 45 36,stand
4183,-2084.75 191.197 15.2847,37 39 45 47 44,stand
4184,-2264.19 403.844 14.5991,38 40 44,stand
4185,-2241.15 614.2 10.7645,39 41 43,stand
4186,-2227.88 1048.3 14.8577,40 42 305,stand
4187,-1947.35 1048.56 10.7849,41 43,stand
4188,-1805.35 701.359 14.5819,42 40 44,stand
4189,-1790.6 414.417 12.125,39 45 43 38 48,stand
4190,-1763.83 196.946 16.125,44 38 46 47 37,stand
4191,-1534.06 110.346 12.2867,45 47 50 52 51,stand
4192,-1787.83 -27.8083 9.15241,46 45 37 38 51 52,stand
4193,-1687.03 522.677 14.3225,44 49 264,stand
4194,-1477.82 487.437 19.125,48 50,stand
4195,-1453.97 215.461 19.125,49 46 53,stand
4196,-1584.29 -261.724 8.125,47 36 33 52 46,stand
4197,-1412.59 -15.5771 10.2127,51 47 46 62 294,stand
4198,-1247.94 230.464 19.125,50 54 62,stand
4199,-1281.94 431.839 19.125,53 55,stand
4200,-1361.57 544.513 19.125,54 56,stand
4201,-1152.71 555.086 187.125,55 57,stand
4202,-1048.56 552.622 187.125,56 58,stand
4203,-1081.15 435.708 187.125,57 59,stand
4204,-1273.14 350.353 187.125,58 60,stand
4205,-1209.66 173.935 187.125,59 61,stand
4206,-1049.67 182.814 187.125,60,stand
4207,-1113.67 -23.0699 9.58827,53 52 63 294 130,stand
4208,-861.384 23.5082 15.3279,62 64 66 134 132 324,stand
4209,-639.251 91.5547 16.125,63 65 66 134 133 132 67,stand
4210,-625.871 185.689 16.125,64 244 245 246,stand
4211,-781.212 -367.603 16.125,64 63 67 128 132 134 294,stand
4212,-911.768 -382.778 16.5617,66 68 64,stand
4213,-930.751 -483.841 17.4081,67 32 31 69 294,stand
4214,-942.001 -888.65 19.9751,68 31 70 30 14,stand
4215,-934.519 -1073.82 57.8385,69 13 14 322,stand
4216,-620.512 -1155.97 168.125,13 72,stand
4217,-567.832 -1161.07 168.125,71 73,stand
4218,-581.228 -1267.86 264.125,72 74,stand
4219,-570.663 -1336.37 264.125,73 75,stand
4220,-479.488 -1344.21 264.125,74 76,stand
4221,-489.193 -1446.03 264.125,75 77,stand
4222,-101.056 -1419.05 264.125,76 78,stand
4223,-99.7972 -1255.13 168.125,77 79,stand
4224,62.7035 -1277.43 72.125,78 80 81 320,stand
4225,128.246 -1339.38 72.125,79 2 81 1 83 293,stand
4226,216.954 -1234.49 72.125,80 82 83 79 293 320,stand
4227,201.391 -1099.35 19.9006,81 112 316,stand
4228,317.923 -1383.15 80.125,80 81 84 293,stand
4229,618.51 -1766.22 118.702,83 292 2 85 293 318 319,stand
4230,1101.59 -1737.96 113.124,86 84 318,stand
4231,1342 -1720.01 110.126,85 87,stand
4232,1465.52 -1652.16 62.125,86 88 102 282,stand
4233,1467.93 -1534.49 53.4117,87 89 102 284,stand
4234,1444.98 -1279.96 196.125,88 90,stand
4235,1255.04 -1215.62 196.125,89 91,stand
4236,1058.79 -1265.53 196.125,90 92,stand
4237,1046.25 -1455.3 196.125,91 93,stand
4238,770.224 -1358.82 196.125,92 94,stand
4239,687.444 -1548.42 196.125,93 95,stand
4240,758.369 -1573.94 196.125,94 96,stand
4241,936.384 -1560.53 20.125,95 97,stand
4242,964.094 -1424.27 20.125,96 98 314,stand
4243,1112.44 -1059.21 16.125,97 99 107 109 114 314,stand
4244,1282.25 -1016.61 10.5713,98 100 104 103 106,stand
4245,1441.17 -1048.14 16.125,99 101 103 104 106,stand
4246,1584.51 -1243.49 29.2818,100 102 106 285 284 283,stand
4247,1584.83 -1551.18 64.9268,101 88 87 284,stand
4248,1432.65 -652.751 24.015,100 104 99 105 119,stand
4249,1332.46 -781.983 16.125,103 99 100 106 107,stand
4250,1586.81 -610.54 22.4492,103 106 119 165 289 290,stand
4251,1595.73 -913.168 8.125,105 101 100 99 104 288,stand
4252,1017.89 -804.136 10.6685,104 108 98 114 109,stand
4253,865.291 -712.506 24.125,107 114 117 115 120,stand
4254,845.589 -1046.8 16.125,98 110 114 107 113,stand
4255,585.824 -1050.1 16.1403,109 111 114 115,stand
4256,436.553 -905.553 16.125,110 112 113 115,stand
4257,261.824 -950.559 16.1257,111 82 316,stand
4258,446.582 -656.104 16.125,111 120 109,stand
4259,851.836 -828.069 9.19343,109 107 98 108 110 115,stand
4260,682.536 -747.849 10.3753,114 110 111 116 108 117,stand
4261,691.971 -449.493 15.7591,115 117 120 146 144,stand
4262,854.486 -416.28 24.125,116 108 115 118 145,stand
4263,1017.91 -379.348 24.125,117 315,stand
4264,1350.5 -609.964 24.125,103 105 315,stand
4265,442.328 -389.975 16.125,113 116 108 121 144 146,stand
4266,270.409 -400.298 16.125,120 122 143 144,stand
4267,157.705 -359.784 16.125,121 123 131 143,stand
4268,131.927 -553.775 24.125,122 124,stand
4269,58.1215 -739.118 24.125,123 125,stand
4270,-318.612 -734.559 24.125,124 126 129,stand
4271,-586.535 -722.356 24.125,125 127 323,stand
4272,-628.408 -522.622 24.125,126 128,stand
4273,-781.782 -428.24 24.125,127 66,stand
4274,-320.633 -424.475 24.125,125 130,stand
4275,-328.061 -242.402 8.37762,129 131 132 136 134 62,stand
4276,-81.6078 -272.04 10.8474,130 122 136 137,stand
4277,-586.577 -293.74 12.1128,130 66 134 64 63,stand
4278,-538.034 69.3632 16.125,64 134 135,stand
4279,-543.74 -46.621 8.125,132 64 133 66 136 63 130,stand
4280,-296.374 94.2776 16.125,133 136 137,stand
4281,-230.719 -31.1762 8.125,135 134 131 130 137,stand
4282,-153.681 104.599 15.1616,135 136 131 138 142 143,stand
4283,-89.1522 234.684 16.125,137 139,stand
4284,340.376 308.931 16.125,138 140,stand
4285,451.945 440.461 15.6016,139 141 147 148 153 154 155,stand
4286,460.052 90.2901 11.1731,140 142 144 143 147 148,stand
4287,192.203 47.4561 10.1321,141 137 143 144,stand
4288,189.69 -217.087 8.02672,142 137 122 121 144 141,stand
4289,422.584 -225.949 8.125,120 121 143 142 146 116 141 151,stand
4290,827.939 -285.713 24.125,117 146 150,stand
4291,688.017 -256.055 10.8455,144 116 120 145 151 152,stand
4292,672.133 117.36 9.52181,141 148 152 140,stand
4293,687.031 363.45 10.7634,147 149 140 153 141,stand
4294,900.347 328.721 16.125,148 150,stand
4295,888.338 -38.1864 16.125,149 145 152,stand
4296,574.717 -118.731 8.05595,144 146 152,stand
4297,679.3 -67.6449 10.1191,147 151 146 150,stand
4298,687.977 491.104 10.8422,148 140 155 154 156,stand
4299,425.915 771.07 16.125,140 155 153 202,stand
4300,657.768 860.457 8.32472,154 153 140 212 213,stand
4301,769.123 496.978 13.3336,153 157 158,stand
4302,788.095 682.548 22.125,156 276 277,stand
4303,1185.14 489.524 16.125,156 159 160,stand
4304,1418.84 341.868 16.125,158 161 162 168 166 160,stand
4305,1535.28 649.886 22.125,158 161 171 159 172,stand
4306,1793.02 470.509 16.125,160 159 172 173 311,stand
4307,1762.17 239.451 16.125,159 163 311,stand
4308,1818.11 -163.788 24.125,162 164 169,stand
4309,1787.65 -393.219 24.125,163 165,stand
4310,1565.69 -429.765 16.125,164 105 166 169,stand
4311,1455.46 -44.9707 16.125,165 167 159 169,stand
4312,1232.09 -4.00414 16.125,166 168,stand
4313,1229.34 270.959 16.125,167 159,stand
4314,1639.93 -181.571 16.125,165 163 166,stand
4315,1143.08 690.42 158.125,171 265,stand
4316,1232.18 672.15 158.125,170 160,stand
4317,1631.14 769.635 16.125,160 173 161 174,stand
4318,1804.92 607.725 16.125,172 176 161,stand
4319,1701.98 1010.31 16.125,172 175 177,stand
4320,1933.2 957.666 16.125,174 176,stand
4321,1901.5 800.208 16.125,175 173,stand
4322,1717.11 1155.19 16.125,174 178 207 194,stand
4323,1840.33 1363.24 16.125,177 179 182 207,stand
4324,1713.72 1414.95 16.125,178 180 192,stand
4325,1715.95 1598.19 16.125,179 181 187 192,stand
4326,1865.57 1536.91 16.125,180 182,stand
4327,1869.65 1469.49 16.125,181 178 183,stand
4328,2005.85 1498.92 16.1246,182 184 186,stand
4329,2001.9 1798.24 16.1246,183 185,stand
4330,2369.57 1810.31 16.2709,184 186,stand
4331,2367.07 1576.93 16.1221,185 183,stand
4332,1675.13 1792.94 16.1221,180 188 190 192,stand
4333,1525.9 1659.85 24.125,187 189 192,stand
4334,1420.71 1593.62 24.125,188 194 309,stand
4335,1771.3 2345.55 16.125,187 191,stand
4336,2283.07 2397.04 16.1683,190,stand
4337,1569.98 1474.6 16.1249,188 187 179 180 193,stand
4338,1535.4 1387.07 15.7573,192 194 208,stand
4339,1437.73 1391.22 14.0609,193 189 195 177 207 208 209,stand
4340,1175.3 1375.34 12.978,194 196 210 208 211,stand
4341,1037.19 1315.42 7.50133,195 197 210 211,stand
4342,854.457 1402.85 15.4172,196 198 211 210,stand
4343,572.208 1354.88 9.08449,197 199 212 213,stand
4344,385.689 1319.56 16.125,198 200 201 212,stand
4345,326.377 1452.98 16.125,199 203,stand
4346,312.212 1206.22 16.125,199 202 213,stand
4347,304.56 1030.34 16.125,201 154 213 214,stand
4348,312.872 1612.9 16.125,200 204 206,stand
4349,314.016 1895.91 16.125,203 205,stand
4350,187.647 1842.48 16.125,204 206,stand
4351,202.615 1643.98 28.125,205 203,stand
4352,1567.32 1172.27 12.125,177 208 194 178,stand
4353,1442.28 1161.93 10.8224,207 209 195 194 193,stand
4354,1382.25 1082.35 16.125,208 210 194,stand
4355,1133.88 1094.62 16.125,209 195 196 211 197,stand
4356,882.485 1088.23 16.125,210 196 197 212 195,stand
4357,659.413 1061.2 8.54169,211 155 198 213 199,stand
4358,418.096 1052.91 16.125,212 202 201 198 155,stand
4359,182.075 1031.82 16.125,202 215 217 218,stand
4360,70.8468 880.672 16.125,214 216,stand
4361,-15.7731 873.738 16.125,215 217,stand
4362,-81.8041 1038.72 16.125,216 214 218 219 220,stand
4363,-47.9129 1149.99 16.125,214 217 220 220,stand
4364,-337.203 915.164 16.125,217 235 220 256,stand
4365,-214.992 1116.94 16.125,218 221 235 217 218 219 234,stand
4366,-245.928 1331.21 16.125,220 222 224 308,stand
4367,-654.704 1337.62 24.125,221 223 228 234 236,stand
4368,-622.953 1602.94 0.125001,222 224 227,stand
4369,-258.231 1694.81 16.125,223 221 225 308,stand
4370,-538.044 1769.72 0.125,224 226,stand
4371,-804.654 1769.11 0.125001,225 227,stand
4372,-959.505 1675.36 24.125,226 223 228 229 233,stand
4373,-1075.56 1427.07 24.125,227 233 232 222 236 239,stand
4374,-1043.79 1852.32 24.125,227 230 233,stand
4375,-1072.95 2104.17 24.125,229 231,stand
4376,-1278 2068.89 24.125,230 232,stand
4377,-1265.04 1665.2 24.125,231 233 228,stand
4378,-1100.51 1654.11 24.125,232 228 229 227,stand
4379,-638.175 1115.84 16.125,222 235 220 252 239,stand
4380,-394.52 1060.91 16.125,234 220 219,stand
4381,-1080.64 1242.91 24.125,228 222 237 239 307,stand
4382,-1155.79 1090.67 16.125,236 238,stand
4383,-1146.23 936.161 16.125,237 239 240 241 257,stand
4384,-926.524 1068.09 16.125,238 236 228 240 234,stand
4385,-950.297 808.976 16.125,239 238 242 254,stand
4386,-1150.84 722.541 16.125,238 242,stand
4387,-915.291 698.658 16.125,241 240 243,stand
4388,-862.252 502.901 16.125,242 244 245,stand
4389,-827.568 228.707 16.125,243 65,stand
4390,-657.771 502.55 16.125,65 247 243 248,stand
4391,-405.152 260.583 16.125,65 247,stand
4392,-404.509 539.967 16.125,246 245 256,stand
4393,-650.768 674.438 52.125,245 249 255,stand
4394,-555.212 691.554 52.125,248 250,stand
4395,-548.555 788.607 52.125,249 251 256,stand
4396,-555.338 899.789 52.125,250 252,stand
4397,-664.393 897.34 52.125,251 253 234,stand
4398,-759.393 899.455 52.125,252 254,stand
4399,-759.188 794.755 52.125,253 255 240,stand
4400,-751.335 680.94 52.125,254 248,stand
4401,-429.757 788.201 16.125,219 250 247,stand
4402,-1283.27 920.913 80.125,238 258 259 261,stand
4403,-1318.05 1106.28 80.125,257 262,stand
4404,-1320.71 782.056 80.125,257 260,stand
4405,-1440.68 797.006 80.125,259 261,stand
4406,-1440.76 931.042 80.125,260 262 257 263,stand
4407,-1422.15 1089.02 80.125,261 258,stand
4408,-1610.48 949.864 80.125,261 264 306,stand
4409,-1679.34 684.274 80.125,263 48,stand
4410,1169.8 807.61 158.125,170 266 267,stand
4411,1333.71 824.626 158.125,265,stand
4412,976.164 829.011 158.125,265 268,stand
4413,949.556 966.747 158.125,267 269 270,stand
4414,789.72 936.65 158.125,268,stand
4415,1027.23 1007.58 158.125,268 271,stand
4416,1183.09 984.782 94.125,270 272,stand
4417,1189.94 914.368 94.125,271 273,stand
4418,1120.95 913.252 94.125,272 274,stand
4419,987.649 917.324 22.125,273 275 281,stand
4420,873.639 995.873 22.125,274 276 281,stand
4421,757.991 961.699 22.125,275 157,stand
4422,913.296 655.954 22.125,157 278 281,stand
4423,1180.67 651.335 22.125,277 279,stand
4424,1183.33 799.453 22.125,278 280 281,stand
4425,1434.43 801.941 22.125,279,stand
4426,930.407 845.515 22.125,279 277 275 274,stand
4427,1708.41 -1794.28 85.5279,87 283,stand
4428,1813.55 -1592.6 67.293,282 284 101,stand
4429,1756.52 -1366.58 45.7325,283 102 88 285 101,stand
4430,1775.83 -1105.54 17.2552,284 101 286,stand
4431,1834.92 -882.189 12.125,285 287 288 289 303,stand
4432,1848.85 -721.979 16.125,286 290,stand
4433,1679.42 -823.877 8.85434,106 286 289,stand
4434,1733.2 -739.791 18.6611,288 286 105 290,stand
4435,1706.17 -612.559 22.3271,105 287 289,stand
4436,525.404 -2177.72 126.854,0 292 319,stand
4437,397.199 -1770.34 116.394,291 84 293,stand
4438,203.947 -1662.16 115.378,292 1 83 80 2 81 84,stand
4439,-1135.76 -271.86 8.125,62 32 68 66 52,stand
4440,-877.615 -1777.83 169.049,12 4 3 296 296,stand
4441,-897.781 -1892.67 195.779,295 4 10 9 295 5,stand
4442,-2419.51 -429.253 0.112775,22,stand
4443,-2459.52 -611.333 26.125,299 301,stand
4444,-2325.05 -617.666 26.125,298 300,stand
4445,-2339.1 -832.306 26.125,299 301,stand
4446,-2431.41 -834.229 26.125,21 300 298,stand
4447,1951.14 -1059.5 18.3587,303 312,stand
4448,1978.96 -868.694 12.125,302 286,stand
4449,-2052.4 -1516.94 8.125,17,stand
4450,-2381.78 1043.54 14.2985,41,stand
4451,-1602.24 1121.63 80.125,263,stand
4452,-1384.21 1253.93 24.125,236,stand
4453,-188.808 1451.99 16.125,221 224,stand
4454,1312.63 1509.73 24.125,189,stand
4455,1925.6 296.143 16.125,311,stand
4456,1767.33 331.331 16.125,310 161 162,stand
4457,1938.86 -1467.62 24.125,302,stand
4458,1314.41 -1222.27 20.125,314,stand
4459,1153.31 -1263.14 20.125,313 98 97,stand
4460,989.019 -640.549 24.125,118 119,stand
4461,62.2412 -1066.48 22.5381,82 112,stand
4462,791.103 -2267.7 125.642,318 319,stand
4463,816.512 -1847.44 117.857,317 85 84 319,stand
4464,701.674 -2024.94 121.546,291 317 318 84,stand
4465,51.6068 -1178.93 72.125,79 81,stand
4466,-460.421 -2363.27 209.061,5,stand
4467,-717.986 -1083.42 64.6124,13 70,stand
4468,-774.798 -799.087 24.125,126,stand
4469,-965.479 68.2844 16.125,63,stand
4470,end,0,0
4471,-1992.75 201.824 -114.338,1 10 124,stand
4472,-1991.87 56.0386 -113.158,0 2 5 4,stand
4473,-1972.51 -237.832 -111.804,1 3,stand
4474,-1588.18 -230.85 -111.829,2 4 20,stand
4475,-1586.44 -28.2586 -111.875,1 3 6,stand
4476,-1569.34 124.103 -114.404,1 8 19,stand
4477,-1223.93 -24.1245 -111.05,4 19 20 23,stand
4478,-1604.89 542.181 -111.483,8 10 13,stand
4479,-1605.83 369.433 -111.883,5 9 7,stand
4480,-1265.01 378.095 -111.254,8 18 19 23,stand
4481,-1962.22 533.086 -111.875,7 0 11,stand
4482,-1963.2 716.745 -111.875,10 12 13,stand
4483,-1920.91 1228.02 -115.523,11 15 125,stand
4484,-1561.15 701.608 -111.875,11 7 14,stand
4485,-1324.54 727.864 -100.097,13 15 17 18,stand
4486,-1385.99 1293.28 -112.192,14 12 16 17 127,stand
4487,-983.34 1352.7 -112.298,15 30 26 27,stand
4488,-1114.21 1010.77 -108.897,15 14 25 26,stand
4489,-1206.65 582.859 -107.791,14 9 24 25,stand
4490,-1243.94 96.0762 -114.666,9 5 6 23,stand
4491,-1181.65 -235.99 -111.875,6 3 21,stand
4492,-1003.44 -286.021 -119.817,20 22 81,stand
4493,-859.581 -75.5334 -111.875,21 23 78,stand
4494,-984.546 174.733 -113.734,22 6 19 9 24,stand
4495,-973.911 586.984 -113.962,18 23 25,stand
4496,-928.432 805.799 -110.254,24 18 17 26 42,stand
4497,-863.611 987.601 -114.679,25 17 27 16,stand
4498,-593.658 1014 -113.348,26 28 16 38 63,stand
4499,-410.938 1383.15 -102.353,27 29 38 39 63,stand
4500,-706.324 1654.06 -115.205,28 30 38 37,stand
4501,-974.904 1659.82 -100.414,29 16,stand
4502,179.866 1393.53 -108.529,32 35 36 39,stand
4503,596.189 1384.75 -112.432,31 33,stand
4504,678.315 1767.77 -110.969,32 34,stand
4505,523.182 1782.72 -111.881,33 35 36,stand
4506,419.968 1625.43 -111.881,34 31,stand
4507,81.9947 1746.04 -109.732,34 31 37,stand
4508,-378.795 1762.23 -106.811,36 38 29,stand
4509,-486.024 1603.46 -106.457,37 29 28 27,stand
4510,-43.5384 1373.46 -104.489,28 40 31,stand
4511,-32.0376 1291.47 -47.875,39 41,stand
4512,38.2095 920.84 -47.875,40 45 44 47,stand
4513,-741.528 823.544 -47.875,25 43,stand
4514,-466.077 782.394 -47.875,42 44 129,stand
4515,-271.874 918.322 -47.875,43 45 41 64 128 129,stand
4516,-51.4254 815.876 -47.875,44 46 41,stand
4517,-12.2358 614.174 -47.875,45 65 75,stand
4518,168.666 927.685 -47.875,41 48 49 50 51,stand
4519,195.763 1209.7 -47.875,47 53,stand
4520,239.01 743.145 -47.875,47 52,stand
4521,490.534 1068.01 -47.875,47 53 62,stand
4522,482.649 852.351 -47.875,47 52 61,stand
4523,462.551 712.782 -47.875,51 49 61 66,stand
4524,400.073 1213.84 -47.875,48 50 54,stand
4525,979.305 1189.15 -47.875,53 55,stand
4526,1065.08 1101.99 -47.875,54 56 59 62,stand
4527,1245.25 1052.06 -47.875,55 57,stand
4528,1267.41 872.374 -47.875,56 58 139,stand
4529,1167.07 682.783 -47.875,57 98 99 139,stand
4530,930.555 740.959 -47.875,55 60,stand
4531,713.618 764.108 -47.875,59 61 62,stand
4532,564.714 755.778 -47.875,60 51 52,stand
4533,758.743 993.237 -47.875,60 55 50,stand
4534,-467.326 976.805 -105.599,27 28 64,stand
4535,-373.804 974.295 -47.875,63 44,stand
4536,259.885 511.96 -47.875,46 66 106,stand
4537,438.175 568.299 -47.875,65 52 67 146,stand
4538,466.641 491.589 -47.875,66 68,stand
4539,450.265 118.189 -47.375,67 69 70 109,stand
4540,596.52 66.578 -47.875,68 92,stand
4541,281.485 47.3397 -47.875,68 71 108 109,stand
4542,224.034 -286.291 -47.875,70 72 87,stand
4543,41.5762 -276.679 -47.875,71 73,stand
4544,-274.158 -106.833 -47.875,72 74,stand
4545,-482.517 -21.0415 -47.375,73 75 77 79,stand
4546,-406.296 569.751 -47.875,74 76 46,stand
4547,-750.232 582.207 -47.875,75,stand
4548,-605.517 -42.6159 -47.875,74 78 145,stand
4549,-741.186 -39.0625 -103.875,22 77,stand
4550,-442.69 -404.441 -47.875,74 82 88,stand
4551,-799.711 -447.328 -47.875,82,stand
4552,-999.46 -458.248 -117.406,21 118,stand
4553,-589.024 -468.308 -47.875,80 79 83,stand
4554,-575.819 -761.023 -47.875,82 84 143,stand
4555,-263.003 -753.594 -47.875,83 85 88,stand
4556,31.7126 -733.986 -47.875,84 86,stand
4557,265.455 -720.062 -47.875,85 87 110,stand
4558,267.911 -431.977 -47.875,86 71 88 89,stand
4559,-310.052 -467.264 -47.875,87 84 79,stand
4560,639.405 -438.074 -47.875,87 90 91 133,stand
4561,833.303 -703.869 -47.875,89 93 105 133 134,stand
4562,723.022 -185.265 -47.875,89 92,stand
4563,698.81 89.6756 -47.875,91 69 131,stand
4564,1032.79 -618.51 -47.875,90 94 104 105,stand
4565,1172.78 -370.624 -47.875,93 95,stand
4566,1187.63 -63.4828 -47.875,94 96,stand
4567,1156.93 226.369 -47.875,95 97 100,stand
4568,1012.63 362.415 -47.375,96 98 141,stand
4569,1085.35 597.625 -47.875,97 58 140,stand
4570,1309.14 530.996 -47.875,58 100 138,stand
4571,1379.36 392.47 -47.875,99 96 101,stand
4572,1553.34 205.015 -47.875,100 102 138,stand
4573,1585.3 -165.35 -47.875,101 103,stand
4574,1548.71 -578.935 -47.875,102 104 137,stand
4575,1252.51 -696.634 -47.875,103 93 105 135,stand
4576,1061.23 -760.643 -47.875,104 90 93 134,stand
4577,248.747 366.493 -47.875,65 107,stand
4578,233.663 304.445 2.62499,106 108,stand
4579,226.381 205.457 -47.875,107 70 109,stand
4580,329.876 128.947 -47.875,108 68 70,stand
4581,502.582 -728.839 -47.875,86 111 142,stand
4582,483.337 -943.64 -47.875,110 112,stand
4583,344.337 -889.311 -47.875,111 113,stand
4584,194.144 -893.016 -103.875,112 114 123,stand
4585,303.761 -1243.59 -103.875,113 115 132,stand
4586,-74.9628 -1187.07 -103.875,114 116,stand
4587,-370.666 -1241.45 -103.875,115 117,stand
4588,-937.678 -1165.28 -106.325,116 118 119,stand
4589,-982.491 -783.85 -115.911,117 81 119,stand
4590,-880.278 -907.572 -103.875,118 117 120,stand
4591,-801.987 -924.725 -61.9447,119 121,stand
4592,-381.69 -899.131 -59.4169,120 122,stand
4593,-141.167 -904.594 -55.875,121 123,stand
4594,-42.0161 -907.1 -103.875,122 113,stand
4595,-1742.65 210.274 -102.875,0,stand
4596,-1773.59 1392.45 -112.927,12 126 127,stand
4597,-1794.97 1681.91 -103.875,125,stand
4598,-1335.81 1437.69 -105.645,125 15,stand
4599,-261.714 729.117 -47.875,44 129,stand
4600,-334.577 817.233 -47.875,43 44 128,stand
4601,735.864 587.188 -47.875,131,stand
4602,718.154 320.474 -47.875,130 92,stand
4603,470.336 -1142.21 -102.625,114,stand
4604,693.889 -801.131 -47.875,90 89,stand
4605,970.805 -888.746 -47.875,105 90,stand
4606,1404.81 -778.652 -47.875,104 136,stand
4607,1492.42 -910.683 -47.875,135 137,stand
4608,1585.84 -831.825 -47.875,136 103,stand
4609,1588.28 579.876 -47.875,101 99,stand
4610,1295.72 744.88 -47.875,58 57,stand
4611,942.997 587.267 -47.875,98 141,stand
4612,899.334 391.416 -47.875,140 97,stand
4613,512.674 -637.062 -47.875,110,stand
4614,-415.08 -801.901 -47.875,83,stand
4615,-797.089 -288.671 -47.875,145,stand
4616,-580.253 -252.885 -47.875,144 77,stand
4617,550.187 578.302 -47.875,66,stand
4618,end,0,0
