0,932.372 -2869.11 -159.875,1 234,stand
1,1063.41 -2739.13 -159.875,2 6 0 234,stand
2,1156.27 -2728.45 -159.875,1 3,stand
3,1178.86 -2494.01 -159.875,2 4 5,stand
4,1284.99 -2473.65 -159.875,3 7 49,stand
5,969.36 -2489.49 -159.875,3 6 10,stand
6,945.167 -2691.07 -159.875,5 1,stand
7,1415.48 -2493.97 -202.444,4 8 48 51 52,stand
8,1552.47 -2353.12 -194.259,7 9 40,stand
9,1571.72 -2100.15 -189.04,8 14 22 40 21 42,stand
10,977.484 -2398.01 -159.875,5 11 15 16,stand
11,1229.69 -2384.57 -159.875,10 12 235,stand
12,1371.98 -2276.73 -177.294,11 13 235,stand
13,1459.01 -2249.69 -191.875,12 14,stand
14,1460.07 -2127.28 -184.904,13 9 21,stand
15,816.527 -2379.28 -191.875,10 85,stand
16,932.795 -2334.57 -159.875,10 17,stand
17,939.65 -2212.28 -111.875,16 18,stand
18,1005.06 -2212.37 -111.875,17 19,stand
19,998.46 -2349.51 -31.875,18 20 270,stand
20,1044.99 -2522.24 -31.875,19 272,stand
21,1626.56 -1836.19 -204.591,14 22 40 9 238,stand
22,2083.09 -1915.09 -183.875,21 9 23 40 42 41 48,stand
23,2112.8 -1847 -191.539,22 24 38 42 29 269,stand
24,1925.87 -1704.58 -200.221,23 29 38 239,stand
25,1563.57 -1634.06 -195.875,26 238 239,stand
26,1578.18 -1403.67 -195.875,25 27 242,stand
27,1805.2 -1427.88 -199.875,26 28 240,stand
28,1824.61 -1235.42 -207.875,27 29 30 31 241,stand
29,2007 -1311.72 -211.556,24 28 37 36 38 35 23,stand
30,1577.66 -913.185 -191.875,28 218,stand
31,1872.46 -832.291 -191.116,28 32 33,stand
32,1729.12 -691.017 -153.942,31 33 34,stand
33,1897.7 -425.366 -131.699,32 31 35 243,stand
34,1530.47 -678.741 -199.567,32 211 215,stand
35,2495.01 -761.129 -154.112,33 36 29,stand
36,2525.47 -1207.94 -155.815,35 37 29,stand
37,2604.45 -1435.82 -157.453,36 38 29,stand
38,2464.56 -1694.39 -173.048,37 23 24 29 269,stand
39,2594.15 -2167.79 -164.244,42 43 268 269,stand
40,1730.91 -2365.96 -180.514,22 9 21 8 41 42 48,stand
41,2035.32 -2441.17 -167.875,40 42 46 47 48 22,stand
42,2296.86 -2178.18 -175.875,41 39 22 23 9 40,stand
43,2745.95 -2201.79 -143.875,39 44,stand
44,2736.97 -2509.06 -143.875,43 45 46 266,stand
45,2739.36 -2660.8 -147.707,44 47 60 62,stand
46,2296.08 -2501.12 -160.349,44 41 47,stand
47,2321.04 -2722.17 -140.19,46 45 41 48 61,stand
48,1770.91 -2748.48 -161.181,47 41 7 52 40 22,stand
49,1272.36 -2999.93 -162.924,4 50 51 54,stand
50,1011.01 -3017.73 -169.774,49 55,stand
51,1363.71 -2994.78 -161.822,7 49 52 53 54,stand
52,1609.56 -3014.84 -160.11,48 7 51 53,stand
53,1540.17 -3339.25 -135.969,52 51 57,stand
54,1234.56 -3423.6 -136.717,49 51 55 57,stand
55,1015.01 -3462.3 -146.513,54 50 56 57,stand
56,972.486 -3894.8 -149.512,55 57 76 69 78,stand
57,1315.4 -3689.86 -128.892,55 54 56 53 58 67 77,stand
58,1620.35 -3627.22 -122.363,57 59 68 64,stand
59,2031.11 -3232.56 -180.847,58 61 60 64,stand
60,2358.48 -3201.42 -175.875,59 61 45 62,stand
61,2163.18 -3012.54 -178.914,59 60 47,stand
62,2821.11 -3104.09 -174.92,45 60 63 64,stand
63,2879.56 -3464.4 -154.592,62 64,stand
64,2494.25 -3667.34 -177.221,63 62 59 65 58 68,stand
65,2255.17 -3954.51 -119.957,64 66,stand
66,2062.25 -4148.86 -119.425,65 67 263,stand
67,1925.23 -3949.95 -143.318,66 68 69 57 77,stand
68,1879.16 -3735.76 -133.752,67 58 64 77,stand
69,1388.69 -3985.64 -127.389,67 70 56 77,stand
70,1377 -4121.51 -119.875,69 71 74 264 265,stand
71,1631.08 -4149.46 -119.875,70 72,stand
72,1600.36 -4446.1 -119.875,71 73,stand
73,1144.62 -4438.13 -119.875,72 74 75 265,stand
74,1140.77 -4212.01 -119.875,73 70 264,stand
75,950.257 -4473.24 -165.051,73 76 87,stand
76,823.594 -4148.97 -126.155,75 56 79 78 87,stand
77,1568.82 -3915.72 -126.371,57 69 68 67,stand
78,611.035 -3855.82 -182.792,56 79 76 80 82,stand
79,606.044 -4040.63 -181.341,76 78 80,stand
80,163.846 -4010.53 -163.875,79 78 81,stand
81,-125.239 -3941.82 -163.875,80 105,stand
82,608.476 -3685.29 -171.875,78 83,stand
83,537.993 -3429.39 -171.875,82 84,stand
84,780.897 -3440.88 -194.419,83 233,stand
85,720.665 -2470.49 -228.615,15 86 233,stand
86,535.94 -2393.56 -276.615,85 110 113 114,stand
87,670.196 -4489.23 -211.093,75 76 88,stand
88,386.131 -4634.8 -210.658,87 89 111,stand
89,58.4701 -4781.56 -283.749,88 90 111 144,stand
90,-303.565 -5102.01 -238.809,89 91 92,stand
91,-227.484 -4753.59 -270.649,90 142,stand
92,-502.931 -5138.2 -164.24,90 93,stand
93,-599.308 -5009.04 -165.898,92 94 262,stand
94,-617.531 -4825.12 -162.848,93 95 105 262,stand
95,-1081.94 -4831.41 -135.809,94 96 260,stand
96,-1156.83 -4532.95 -123.875,95 97 103 98,stand
97,-1612.56 -4537.45 -119.875,96 98 103 261,stand
98,-1619.3 -4114.93 -119.875,97 99 103 96 259,stand
99,-1533.33 -3446.82 -122.146,98 100 102 103 127 125,stand
100,-1488.97 -2850.95 -172.91,99 101 125 124 149,stand
101,-1836.84 -2860.2 -188.037,100 102,stand
102,-1826.73 -3141.41 -153.197,101 99,stand
103,-1130.35 -3931.79 -123.875,96 98 97 99 104 127,stand
104,-730.61 -3940.07 -131.876,103 105 135,stand
105,-518.626 -3961.37 -136.215,104 81 106 94,stand
106,-425.543 -3827.09 -159.38,105 107,stand
107,-431.688 -3539.95 -162.432,106 108,stand
108,-265.806 -3277.71 -314.75,107 109 112 143 144,stand
109,25.0022 -2920.23 -341.44,108 110 113,stand
110,287.479 -2459.18 -323.875,109 113 86 114 116,stand
111,176.726 -4375.2 -282.201,89 88 112 142,stand
112,194.997 -3744.76 -296.752,111 108 113 144,stand
113,349.165 -2905.92 -337.633,112 109 110 86,stand
114,513.726 -2183.21 -339.546,110 86 115,stand
115,706.77 -2042.15 -335.269,114 229 230,stand
116,-121.474 -2367.93 -203.64,110 117 119,stand
117,-333.491 -2258.78 -181.73,116 118,stand
118,-475.611 -2412.3 -135.875,117 163,stand
119,-332.412 -2602.73 -179.677,116 121 122,stand
120,-741.091 -3304.42 -105.527,123 122 125 131,stand
121,-559.447 -2586.07 -181.366,119 122 145 148,stand
122,-573.502 -2916.39 -197.136,119 123 120 121 125 145,stand
123,-777.38 -2869.09 -187.788,122 120 124 148 145,stand
124,-1015.4 -2848.56 -177.109,123 125 148 100 156 155,stand
125,-1041.83 -3164.01 -133.191,124 122 120 100 126 99,stand
126,-1106.55 -3320.27 -123.758,125 127,stand
127,-1118.46 -3479.73 -119.875,126 99 103 128,stand
128,-958.015 -3473.67 -107.875,127 129 130 273 274,stand
129,-973.462 -3638.84 -107.875,128 130 273,stand
130,-756.38 -3558.6 -107.875,129 128 131 134,stand
131,-746.126 -3465.86 -107.875,130 120 132,stand
132,-563.019 -3446.71 -91.503,131 133,stand
133,-559.054 -3679.98 -91.8977,132 134,stand
134,-736.532 -3659.28 -107.875,133 130 135,stand
135,-737.24 -3789.82 -107.875,134 104 136,stand
136,-1036.37 -3774.21 28.125,135 137,stand
137,-1019.56 -3677.81 28.125,136 138,stand
138,-923.109 -3683.18 28.125,137 139 141,stand
139,-924.085 -3440.54 28.125,138 140,stand
140,-731.853 -3444.27 28.125,139 141,stand
141,-765.465 -3701.45 28.125,140 138,stand
142,-238.004 -4290.32 -278.031,91 111 143,stand
143,-87.4378 -3984.53 -288.879,142 108 144,stand
144,57.9382 -3786.51 -296.693,143 89 112 108,stand
145,-777.784 -2436.8 -175.875,121 146 148 122 123,stand
146,-945.797 -2199.01 -183.724,145 147 157,stand
147,-1036.15 -2301.46 -183.875,146 148 153 154,stand
148,-995.736 -2524.19 -183.877,147 145 121 123 124 154 156,stand
149,-1419.91 -2739.33 -182.212,100 150 156,stand
150,-1456.7 -2091.65 -183.875,149 151 258,stand
151,-1415.45 -1677.98 -183.203,150 152 159,stand
152,-1232.95 -1684.64 -179.875,151 153 158 159 160,stand
153,-1169.51 -2212.62 -198.256,152 154 147 157 155,stand
154,-1153.35 -2390.06 -194.52,153 148 147 155,stand
155,-1249.8 -2466.55 -188.036,154 156 124 153,stand
156,-1294.19 -2773.81 -187.579,155 149 124 148,stand
157,-922.829 -1884.66 -187.875,146 153 158 161 176,stand
158,-1142.75 -1851.1 -193.112,157 152 176,stand
159,-1273.9 -1470.41 -181.338,151 152 177 257,stand
160,-1061.57 -1507.72 -184.142,152 176 180 175,stand
161,-741.372 -1935.45 -135.875,157 162,stand
162,-583.548 -2010.81 -135.875,161 163 164,stand
163,-704.882 -2207 -135.875,162 118,stand
164,-394.193 -1974.77 -135.875,162 165,stand
165,-367.171 -2141.85 -135.875,164 166 254,stand
166,-531.936 -2332.13 0.125,165 167,stand
167,-649.853 -2220.16 0.125,166 168,stand
168,-543.944 -1961.33 0.125,167 169 170,stand
169,-459.05 -1764.68 0.125,168 170,stand
170,-389.801 -1945.43 0.125,169 168 171,stand
171,-284.122 -2007.61 0.125,170 172,stand
172,-211.471 -1901.15 0.125,171 173,stand
173,-414.201 -1732.13 -135.875,172 174,stand
174,-310.682 -1634.01 -146.491,173 175 178 179 223 251,stand
175,-456.783 -1556.32 -177.806,174 176 179 180 178 225 160,stand
176,-726.42 -1722.69 -182.565,175 157 158 160 177 180,stand
177,-905.159 -1260.46 -183.875,159 176 196 257,stand
178,-442.063 -1066.41 -179.875,179 195 182 196 174 175 205 225 206,stand
179,-505.561 -1187.75 -190.029,178 175 181 174 225,stand
180,-755.103 -1426.99 -194.637,181 160 175 176,stand
181,-623.283 -1253.24 -180.399,180 179,stand
182,-716.221 -745.012 -183.277,183 195 178 196,stand
183,-864.79 -420.833 -183.875,182 184 194,stand
184,-725.365 -42.2323 -175.875,183 185 194,stand
185,-675.609 208.65 -175.875,184 186 248,stand
186,-454.009 210.609 -175.875,185 187 190 246 247,stand
187,-177.492 195.039 -175.857,186 188 189 192,stand
188,47.9153 620.831 -175.875,187 189 245,stand
189,-1.39137 -116.542 -175.875,187 192 199 193 200 188,stand
190,-596.985 84.1431 -170.251,186 191,stand
191,-474.985 -6.70551 -175.875,190 192,stand
192,-272.092 -7.30256 -173.63,191 189 187 193,stand
193,-314.647 -177.742 -181.151,192 194 189,stand
194,-539.499 -259.903 -183.875,193 184 183 195 200,stand
195,-425.089 -629.568 -183.875,194 182 178 196 197 205,stand
196,-648.315 -1029.81 -183.302,177 178 182 195,stand
197,173.724 -586.251 -183.894,195 198 205,stand
198,377.644 -560.132 -171.963,197 199 204 208,stand
199,375.596 -124.443 -171.707,198 189 200 202 203 204,stand
200,-139.946 -334.774 -183.918,194 199 189,stand
201,674.28 562.726 -174.984,202 214 245,stand
202,668.187 141.652 -167.875,201 199 203 244,stand
203,604.301 -253.531 -173.72,202 199 204,stand
204,620.27 -687.439 -171.845,203 199 198 208 209 210,stand
205,-246.419 -918.46 -177.024,197 178 195 206,stand
206,-201.157 -1096.47 -180.55,205 207 224 225 178 220,stand
207,297.229 -1049.39 -185.88,206 208 219 220 221 222,stand
208,420.269 -849.855 -185.665,198 207 204 220,stand
209,727.834 -903.269 -189.84,204 218 219,stand
210,807.399 -690.748 -175.941,204 211 217,stand
211,1185.31 -720.668 -334.101,210 34 212 215 216 217,stand
212,1096.98 -294.759 -299.485,211 213 217,stand
213,1054.59 372.804 -299.331,212 214 215,stand
214,861.672 536.177 -216.997,213 201,stand
215,1417.63 -330.253 -273.682,213 211 34,stand
216,1141.7 -1110.96 -348.232,211 232 231,stand
217,1002.63 -568.251 -277.434,210 212 211,stand
218,1212.43 -913.519 -191.875,30 209,stand
219,617.112 -1185.03 -175.875,209 207 220 221,stand
220,453.665 -1253.12 -188.696,219 208 207 221 206,stand
221,366.323 -1415.03 -167.875,220 222 226 219 207,stand
222,271.206 -1400.25 -183.875,221 223 250 207,stand
223,158.683 -1565.84 -179.583,222 174 224 250,stand
224,-189.353 -1330.69 -193.035,223 206 225,stand
225,-316.869 -1281.58 -198.101,224 178 175 206 179,stand
226,409.257 -1730.35 -164.295,221 227 249,stand
227,642.721 -1487.41 -166.196,226 228 249,stand
228,769.543 -1483.3 -167.875,227 229,stand
229,794.753 -1821.74 -312.73,228 115 230,stand
230,924.484 -1852.02 -342.018,229 115 232 231,stand
231,901.483 -1406.71 -343.875,216 230,stand
232,1282.84 -1545.25 -350.338,230 216,stand
233,679.937 -3021.41 -215.265,84 85,stand
234,1055.34 -2847.17 -159.875,0 1,stand
235,1167.36 -2253.7 -159.875,11 12,stand
236,1485.6 -1554.01 -193.109,237,stand
237,1469.06 -1722.55 -191.875,236 238,stand
238,1605.86 -1739.24 -194.402,237 21 25 239,stand
239,1772.06 -1667.83 -197.232,24 238 25,stand
240,1810.71 -1528.35 -199.875,27,stand
241,1588.84 -1221.53 -210.509,28,stand
242,1700.63 -1334.19 -195.916,26,stand
243,1823.92 -185.433 -117.698,33,stand
244,477.447 259.328 -178.535,202 245,stand
245,415.424 502.072 -176.149,244 201 188,stand
246,-294.775 444.616 -175.875,247 186,stand
247,-568.384 418.463 -175.875,246 186,stand
248,-671.156 277.691 -175.875,185,stand
249,622.77 -1678.13 -162.311,226 227,stand
250,246.363 -1714.84 -174.577,251 223 222,stand
251,-43.6699 -1902.63 -207.066,252 250 174,stand
252,-124.632 -2104.74 -207.888,251,stand
253,-489.846 -2185.43 -135.875,254,stand
254,-417.56 -2112.78 -135.875,253 165,stand
255,-1545.08 -1155.93 -179.875,256,stand
256,-1317.26 -1176.19 -179.875,255 257,stand
257,-1158.87 -1334.89 -181.48,256 177 159,stand
258,-1849.32 -1811.81 -179.875,150,stand
259,-1807.52 -4093.43 -134.156,98,stand
260,-1447.59 -4899.67 -151.342,95 261,stand
261,-1609.15 -4735.25 -130.532,260 97,stand
262,-683.68 -4924.15 -168.078,93 94,stand
263,1805.76 -4083.01 -135.399,66,stand
264,1143.81 -4068.73 -119.875,74 70,stand
265,1340.36 -4332.29 -119.875,70 73,stand
266,2791.79 -2543.23 -143.875,44,stand
267,2747.47 -2069.48 -158.093,268,stand
268,2631.94 -2004.02 -164.395,267 39 269,stand
269,2463.14 -1871.51 -170.033,268 38 39 23,stand
270,1307.95 -2334.21 -31.875,19,stand
271,1057.49 -2880.09 -31.875,272,stand
272,1033.05 -2776.94 -31.875,20 271,stand
273,-827.979 -3689.01 -107.875,129 128,stand
274,-1009.35 -3367.14 -107.875,128,stand
275,end